College Name,Admissions Deadline
Adelphi University,December 1
Agnes Scott College,November 15
Allegheny College,December 1
American University,November 15
Amherst College,November 1
Appalachian State University,November 1
Arizona State University,November 1
Auburn University,December 1
Augustana College,November 1
Austin College,December 1
Babson College,November 1
Bard College,November 1
Barnard College,November 1
Bates College,November 15
Baylor University,November 1
Belmont University,December 1
Beloit College,November 1
Bennington College,December 1
Bentley University,November 15
Berea College,November 15
Binghamton University,November 1
Bloomsburg University of Pennsylvania,December 1
Boston College,November 1
Boston University,November 1
Bowdoin College,November 15
Bowling Green State University,February 1
Bradley University,November 1
Brandeis University,November 1
Brigham Young,November 1
Brown University,November 1
Bryant University,November 15
Bryn Mawr College,November 15
Bucknell University,November 15
Butler University,November 1
California Institute of Technology,November 1
Carleton College,November 15
Carnegie Mellon University,November 1
Case Western Reserve University,November 1
Catholic University of America,November 1
Central Michigan University,December 1
Centre College,December 1
Chapman University,November 1
Christopher Newport University,December 1
Citadel Military College of South Carolina, 
Claremont McKenna College,November 1
Clark University,November 15
Clarkson University, 
Clemson University,December 1
Coastal Carolina University,April 1
Colby College,November 15
Colgate University,November 15
College of Charleston,November 1
College of Saint Benedict,November 15
College of the Holy Cross,November 15
College of William and Mary,November 1
Colorado College,November 1
Colorado School of Mines,November 1
Colorado State University,December 1
Columbia University,November 1
Connecticut College,November 15
Cooper Union for the Advancement of Science and Art,November 1
Cornell College,May 1
Cornell University,November 1
Creighton University,November 1
CUNY Bernard M Baruch College,February 1
CUNY Hunter College,February 1
Dartmouth College,November 1
Davidson College,November 15
Denison University,November 15
DePaul University,November 15
DePauw University,December 1
Dickinson College,November 15
Drake University,December 1
Drew University,December 1
Drexel University,November 1
Duke University,November 1
Duquesne University,November 1
Earlham College,December 1
East Carolina University,March 1
Eckerd College,November 15
Elon University,November 1
Embry,January 15
Emerson College,November 1
Emory University,November 1
Fairfield University,November 1
Florida Atlantic University,April 15
Florida Gulf Coast University,November 1
Florida Institute of Technology, 
Florida International University,April 1
Florida Southern College,November 1
Florida State University,November 1
Fordham University,November 1
Franklin and Marshall College,November 15
Franklin,January 1
Furman University,December 1
George Mason University,November 1
George Washington University,November 1
Georgetown University,November 1
Georgia College,October 15
Georgia Institute of Technology,November 1
Georgia Southern University,August 1
Georgia State University,December 8
Gettysburg College,November 15
Gonzaga University,December 1
Goucher College,December 1
Grinnell College,November 15
Gustavus Adolphus College,November 1
Hamilton College,November 15
Harvard University,November 1
Harvey Mudd College,November 15
Haverford College,November 15
Hendrix College,November 15
High Point University,November 15
Hobart William Smith Colleges,November 15
Hofstra University,November 15
Hope College,November 1
Howard University,November 1
Illinois Institute of Technology,November 15
Illinois State University,November 1
Illinois Wesleyan University,November 15
Indiana University Bloomington,November 1
Indiana,November 1
Iowa State University, 
Ithaca College,December 1
James Madison University,November 1
John Carroll University,December 1
Johns Hopkins University,November 1
Juniata College,December 1
Kalamazoo College,November 1
Kansas State University,February 1
Kenyon College,November 15
Kettering University,November 15
Knox College,November 1
Lafayette College,November 15
Lake Forest College,November 1
Lawrence University,November 1
Lehigh University,November 1
Lewis,November 1
Louisiana State University,December 15
Loyola Marymount University,November 1
Loyola University Chicago,February 1
Loyola University Maryland,November 15
Macalester College,November 1
Manhattan College,March 1
Marist College,December 1
Marquette University,December 1
Massachusetts Institute of Technology,November 1
Massachusetts Maritime Academy,November 15
McDaniel College,November 15
Mercer University,November 1
Mercyhurst University, 
Merrimack College,November 15
Miami University,November 1
Michigan State University,November 1
Michigan Technological University, 
Middlebury College,November 15
Millersville University of Pennsylvania,February 1
Milwaukee School of Engineering, 
Mississippi State University,July 1
Missouri University of Science and Technology,December 1
Monmouth University,December 1
Morehouse College,November 1
Mount Holyoke College,November 15
Muhlenberg College,November 15
New College of Florida,November 1
New Jersey Institute of Technology,November 15
New Mexico Institute of Mining and Technology,August 1
New York University,November 1
North Carolina State University,November 1
Northeastern University,November 1
Northern Arizona University,August 1
Northwestern University,November 1
Oberlin College,November 15
Occidental College,November 15
Ohio State University,November 1
Ohio University,November 15
Ohio Wesleyan University,December 1
Oklahoma State University,February 1
Old Dominion University,December 1
Oregon State University,November 1
Pennsylvania State,November 1
Pepperdine University,November 1
Pitzer College,November 15
Pomona College,November 15
Princeton University,November 1
Providence College,November 15
Purdue University,November 1
Quinnipiac University,November 15
Ramapo College of New Jersey,December 15
Reed College,November 15
Rensselaer Polytechnic Institute,December 1
Rhode Island School of Design,November 1
Rhodes College,November 15
Rice University,November 1
Rochester Institute of Technology,November 1
Roger Williams University,November 15
Rollins College,November 15
Rose,November 1
Rowan University,June 1
Sacred Heart University,December 15
Saint Anselm College,November 15
Saint Johns University,November 15
Saint Louis University,December 1
Salisbury University,December 1
Salve Regina University,November 1
Samford University,December 1
San Diego State University,November 30
San Francisco State University,November 30
San Jose State University,November 30
Santa Clara University,November 1
Sarah Lawrence College,November 1
Scripps College,November 15
Seattle University,November 15
Seton Hall University,November 15
Sewanee,December 1
Siena College,February 15
Simmons University,November 1
Skidmore College,November 15
Smith College,November 15
Soka University of America,November 1
Southern Methodist University,November 1
Southwestern University,December 1
Spelman College,November 15
St Lawrence University,February 1
Stanford University,November 1
State University of New York at New Paltz,November 15
Stetson University,November 1
Stevens Institute of Technology,November 15
Stonehill College,November 1
Stony Brook University,January 15
Suffolk University,March 1
SUNY at Albany,November 15
SUNY at Purchase College,November 15
SUNY College at Geneseo,November 1
SUNY College at Oswego,November 15
SUNY College at Potsdam,April 30
SUNY College of Environmental Science and Forestry,February 1
SUNY Cortland,November 15
SUNY Oneonta,November 15
Susquehanna University,November 1
Swarthmore College,November 15
Syracuse University,November 15
Temple University,November 1
Texas,December 1
Texas Christian University,November 1
The College of New Jersey,November 1
The College of Wooster,November 25
The University of Montana,June 30
The University of,November 1
The University of Texas at Austin,November 1
The University of Texas at Dallas,December 1
Towson University,December 1
Transylvania University,October 31
Trinity College,November 15
Trinity University,November 1
Truman State University, 
Tufts University,November 1
Tulane University,November 15
Union College,November 1
United States Air Force Academy,January 31
United States Coast Guard Academy,October 15
United States Merchant Marine Academy,February 1
United States Military Academy,January 31
United States Naval Academy,January 31
University at Buffalo,November 15
University of Alabama,January 15
University of Alabama at Birmingham,June 1
University of Arizona,May 2
University of Arkansas,November 1
University of Central Florida,May 1
University of Chicago,November 1
University of Cincinnati,December 1
University of Colorado Boulder,November 15
University of Connecticut,December 1
University of Dallas,November 1
University of Dayton,November 1
University of Delaware,November 1
University of Denver,November 1
University of Florida,November 1
University of Georgia,October 15
University of Houston,November 8
University of Illinois at Chicago,November 1
University of Illinois at,November 1
University of Iowa,May 3
University of Kansas,November 1
University of Kentucky,December 1
University of Louisville,February 15
University of Maine,December 1
University of Mary Washington,November 15
University of Massachusetts Amherst,November 5
University of Massachusetts Boston,November 1
University of Massachusetts Lowell,November 5
University of Memphis,July 1
University of Miami,November 1
University of Michigan,November 1
University of Mississippi,January 5
University of New Hampshire,November 15
University of New Mexico,June 1
University of North Carolina at Asheville,November 1
University of North Carolina at Chapel Hill,October 15
University of North Carolina at Charlotte,November 1
University of North Carolina Wilmington,November 1
University of North Dakota,August 16
University of North Florida,July 1
University of North Texas,June 1
University of Notre Dame,November 1
University of Oklahoma,November 1
University of Oregon,November 1
University of Pennsylvania,November 1
University of Pittsburgh,December 1
University of Portland,November 15
University of Puget Sound,November 1
University of Redlands,November 15
University of Rhode Island,December 1
University of Richmond,November 1
University of Rochester,November 1
University of San Diego,December 15
University of San Francisco,November 1
University of Scranton,November 15
University of South Carolina,October 15
University of South Dakota,February 1
University of South Florida,December 1
University of Southern California,December 1
University of St Thomas,November 1
University of Tampa,November 15
University of the Pacific,November 15
University of Tulsa,January 15
University of Utah,December 1
University of Vermont,November 1
University of Washington,November 15
University of Wyoming,June 1
Ursinus College,November 1
Valparaiso University,November 1
Vanderbilt University,November 1
Vassar College,November 15
Villanova University,November 1
Virginia Commonwealth University,January 15
Virginia Military Institute,November 15
Virginia Polytechnic Institute and State University,December 1
Wabash College,December 1
Wake Forest University,November 15
Washington,January 15
Washington and Lee University,November 1
Washington College,December 1
Washington State University,March 15
Washington University in,November 1
Wellesley College,November 1
Wesleyan University,November 15
West Chester University of Pennsylvania,November 1
West Virginia University,August 1
Western Carolina University,February 1
Western Washington University,November 1
Westmont College,November 1
Whitman College,November 15
Whittier College,November 15
Whitworth University,November 15
Willamette University,November 15
Williams College,November 15
Wofford College,November 15
Worcester Polytechnic Institute,November 1
Xavier University,December 1
Yale University,November 1
Yeshiva University,February 1
